{
    "centroids": {
        "POINTER": [
            0.0,
            0.0,
            0.0,
            -0.2023737271851112,
            -0.21604370430457928,
            -0.08709876407228923,
            -0.34804231576413264,
            -0.5486992426082579,
            -0.15228321373863207,
            -0.35153510914890124,
            -0.7786259596051105,
            -0.22221694956163796,
            -0.26925567437028397,
            -0.8555879624729504,
            -0.28722206777965736,
            -0.21294185325634998,
            -1.0118649027071072,
            -0.10220377364452189,
            -0.26099328591291676,
            -1.410344692540401,
            -0.23052729149473095,
            -0.3020582390431383,
            -1.6454794594714115,
            -0.3026098045226795,
            -0.3278343875310343,
            -1.844941610378935,
            -0.3542933680733864,
            -0.06611503377898065,
            -0.9643796419985305,
            -0.1290825082658602,
            -0.18971188061375505,
            -0.9888625236378241,
            -0.31058724680547517,
            -0.24508802010371827,
            -0.6796993831754818,
            -0.32492663743070194,
            -0.23337663853988425,
            -0.5733444254905886,
            -0.29469095703120063,
            0.05349842531752027,
            -0.8353708794466167,
            -0.17202059119532384,
            -0.06599555482938801,
            -0.7869491203588207,
            -0.3323785339783925,
            -0.1177914264716518,
            -0.5266076089970176,
            -0.26812272257277237,
            -0.10081686535181773,
            -0.47937835012665403,
            -0.18865743565942417,
            0.15223263575072468,
            -0.6601072799010442,
            -0.2268634659844349,
            0.0550216933304742,
            -0.6154424618951808,
            -0.3228592989591268,
            0.004226712535930816,
            -0.43292698461047047,
            -0.2743295632726207,
            0.014457254814509912,
            -0.40102739950989563,
            -0.21430056682759072
        ],
        "GEN_Z_HEART": [
            0.0,
            0.0,
            0.0,
            0.08607473150363662,
            -0.6227409201509128,
            -0.07818334535057087,
            0.19608271250985493,
            -1.3436247167072068,
            -0.22159540192174115,
            0.2587380893972476,
            -1.8868295607605745,
            -0.3369587724389736,
            0.32586709124512375,
            -2.3747754301007222,
            -0.45312623850056216,
            0.20581614600651044,
            -1.1757741041088663,
            -0.5209496404597828,
            0.2549826654911826,
            -1.6845480009289944,
            -0.7251303982639538,
            0.2772610836760143,
            -1.9004446583089083,
            -0.8042621422802442,
            0.298941995760846,
            -2.0221275418746996,
            -0.8463081302105221,
            0.12063829896506129,
            -0.7726470045118561,
            -0.5827166372205301,
            0.20272395973495624,
            -1.4917755912724113,
            -0.8108105856790008,
            0.18272906233545758,
            -1.4103958879418166,
            -0.7853322447426544,
            0.15638809017096586,
            -1.231451913088344,
            -0.7477826922418767,
            0.043847835078311394,
            -0.41854273866970126,
            -0.6229820612267642,
            0.1275537567670678,
            -1.14341978871089,
            -0.7909213024531897,
            0.10487981525306776,
            -1.0470996351124338,
            -0.6320793980171443,
            0.0891043363201132,
            -0.8852944205502895,
            -0.5047722784103268,
            -0.029228954885904372,
            -0.12630798449099312,
            -0.6643842712544303,
            0.054015855539949094,
            -0.7359494210814356,
            -0.757560003832746,
            0.054462478322998144,
            -0.7134094647174014,
            -0.6378103531007927,
            0.04132502668338973,
            -0.5887128634813754,
            -0.5416309666093992
        ],
        "PINCH": [
            0.0,
            0.0,
            0.0,
            -0.21995240351910872,
            -0.2983638711747424,
            -0.023800305842311558,
            -0.34834985358818005,
            -0.6692117256546447,
            -0.06587190253937099,
            -0.4461162915619719,
            -0.9448675995843051,
            -0.12940963760904678,
            -0.5320934006151938,
            -1.173134509114408,
            -0.18391880321550408,
            -0.05605528272547892,
            -1.0155091015528537,
            0.02455681751542052,
            -0.22598869639146058,
            -1.286331023575165,
            -0.10595542154721842,
            -0.3903822800492178,
            -1.33378999549241,
            -0.18939648414022953,
            -0.5117455968800076,
            -1.3072679679077408,
            -0.23372351093022062,
            0.057218469725894394,
            -0.9931774168720536,
            -0.029514944655702854,
            -0.20157007868103002,
            -1.1278496348271565,
            -0.17613352109321442,
            -0.24076991136232034,
            -0.8551811207614342,
            -0.20781363174565023,
            -0.18399737853112336,
            -0.7105927927036642,
            -0.19931920855221363,
            0.14216916145861602,
            -0.9072459370414283,
            -0.10333955778888379,
            -0.11820858587689806,
            -0.9831733722464249,
            -0.23431784506080405,
            -0.13718685461012511,
            -0.7248035058863891,
            -0.19166911819880605,
            -0.07558495741348578,
            -0.6143362719329005,
            -0.13550134386292617,
            0.20256285142286434,
            -0.7718544142366062,
            -0.18476136943493812,
            -0.008727032309775742,
            -0.8382118332470941,
            -0.26672691238178403,
            -0.03167290581131259,
            -0.6708219075762303,
            -0.2336449315840532,
            0.018661586165746806,
            -0.590737790174508,
            -0.18970620072633088
        ],